cell_lat,cell_long
-24.8757425561705,129.048640129991
-26.6115867972046,129.315039105501
-26.6131633412662,129.314043539921
-26.6614328619719,129.270549305886
-26.6733142880114,129.384621958397
